{"cameraMode":{"drawMode":0,"name":"Shaded","section":"Shading Mode"},"sceneLighting":false,"audioPlay":false,"sceneViewState":{"m_AlwaysRefresh":false,"showFog":true,"showSkybox":false,"showFlares":true,"showImageEffects":true,"showParticleSystems":true,"showVisualEffectGraphs":true,"m_FxEnabled":true},"in2DMode":false,"pivot":{"x":0.009495266713202,"y":0.0806698352098465,"z":-0.05589449405670166},"rotation":{"x":0.0016660512192174793,"y":0.7212140560150147,"z":-0.001723645837046206,"w":0.6927803158760071},"size":0.6149638891220093,"orthographic":false}