{"cameraMode":{"drawMode":0,"name":"Shaded","section":"Shading Mode"},"sceneLighting":true,"audioPlay":false,"sceneViewState":{"m_AlwaysRefresh":false,"showFog":true,"showSkybox":true,"showFlares":true,"showImageEffects":true,"showParticleSystems":true,"showVisualEffectGraphs":true,"m_FxEnabled":true},"in2DMode":false,"pivot":{"x":58.54716491699219,"y":-11.220218658447266,"z":2.3602423667907717},"rotation":{"x":-0.07638892531394959,"y":-0.6994192600250244,"z":0.07522191107273102,"w":-0.7068690061569214},"size":28.030241012573243,"orthographic":false}