{"cameraMode":{"drawMode":0,"name":"Shaded","section":"Shading Mode"},"sceneLighting":false,"audioPlay":false,"sceneViewState":{"m_AlwaysRefresh":false,"showFog":true,"showSkybox":false,"showFlares":true,"showImageEffects":true,"showParticleSystems":true,"showVisualEffectGraphs":true,"m_FxEnabled":true},"in2DMode":false,"pivot":{"x":568.4719848632813,"y":316.5830078125,"z":-0.00008999998681247234},"rotation":{"x":-0.030726606026291848,"y":-0.6435922384262085,"z":0.025443099439144136,"w":-0.7645398378372192},"size":0.20123933255672456,"orthographic":false}