{"cameraMode":{"drawMode":0,"name":"Shaded","section":"Shading Mode"},"sceneLighting":false,"audioPlay":false,"sceneViewState":{"m_AlwaysRefresh":false,"showFog":true,"showSkybox":false,"showFlares":true,"showImageEffects":true,"showParticleSystems":true,"showVisualEffectGraphs":true,"m_FxEnabled":true},"in2DMode":false,"pivot":{"x":496.7857360839844,"y":302.0385437011719,"z":-0.7103443145751953},"rotation":{"x":0.09063384681940079,"y":0.27704107761383059,"z":-0.026256320998072625,"w":0.9562286734580994},"size":13.340063095092774,"orthographic":false}