{"cameraMode":{"drawMode":0,"name":"Shaded","section":"Shading Mode"},"sceneLighting":false,"audioPlay":false,"sceneViewState":{"m_AlwaysRefresh":false,"showFog":true,"showSkybox":false,"showFlares":true,"showImageEffects":true,"showParticleSystems":true,"showVisualEffectGraphs":true,"m_FxEnabled":true},"in2DMode":false,"pivot":{"x":0.060059554874897,"y":-0.003860361874103546,"z":0.006703227758407593},"rotation":{"x":-0.09165036678314209,"y":0.02598215825855732,"z":-0.0024022706784307958,"w":-0.995465099811554},"size":0.21794493496418,"orthographic":false}